Expected Annual Damage,Dike Investment Costs,RfR Investment Costs
467169699.21457356,149184888.60441038,0
6302565.580497653,149184888.60441038,0
414467844.4235676,149184888.60441038,0
1506840212.7477405,149184888.60441038,0
105851618.01953587,149184888.60441038,0
24433887.91567533,149184888.60441038,0
1092939490.480684,149184888.60441038,0
113670249.25899063,149184888.60441038,0
558866.5492016814,149184888.60441038,0
1103500019.9772923,149184888.60441038,0
140825378.55570704,149184888.60441038,0
129191571.49947432,149184888.60441038,0
2208646199.147956,149184888.60441038,0
44277900.85088385,149184888.60441038,0
0.0,149184888.60441038,0
94140432.00753838,149184888.60441038,0
189181313.31001234,149184888.60441038,0
2947846207.810146,149184888.60441038,0
149174989.7849631,149184888.60441038,0
14380989.16366852,149184888.60441038,0
160415616.9203385,149184888.60441038,0
300484201.0395634,149184888.60441038,0
3258039445.106511,149184888.60441038,0
132392799.15916064,149184888.60441038,0
285398974.0819801,149184888.60441038,0
143741504.75773743,149184888.60441038,0
17123364.400348898,149184888.60441038,0
33838564.520634994,149184888.60441038,0
53352801.146468356,149184888.60441038,0
1462114855.2547317,149184888.60441038,0
373820366.1795533,149184888.60441038,0
84876312.08233292,149184888.60441038,0
67544655.80369836,149184888.60441038,0
2304989651.089452,149184888.60441038,0
47782120.26020279,149184888.60441038,0
23674181.72443664,149184888.60441038,0
169058644.49183637,149184888.60441038,0
1895022.7594262087,149184888.60441038,0
2690261758.5780845,149184888.60441038,0
1417586883.429931,149184888.60441038,0
66492852.40141759,149184888.60441038,0
175130423.7966155,149184888.60441038,0
84435720.79643446,149184888.60441038,0
210484903.44482386,149184888.60441038,0
2454124041.436901,149184888.60441038,0
171542613.0848524,149184888.60441038,0
29804017.404783778,149184888.60441038,0
328898876.58051795,149184888.60441038,0
425498590.3898382,149184888.60441038,0
2874932.7113968683,149184888.60441038,0
146794009.20472085,149184888.60441038,0
2982453200.856378,149184888.60441038,0
136523149.592397,149184888.60441038,0
181611328.81561586,149184888.60441038,0
2148521853.489376,149184888.60441038,0
2591488296.095404,149184888.60441038,0
47882471.41175239,149184888.60441038,0
270080841.2645085,149184888.60441038,0
158738010.23083854,149184888.60441038,0
165706158.44728938,149184888.60441038,0
210957616.52223492,149184888.60441038,0
106461493.09803586,149184888.60441038,0
885956559.6055677,149184888.60441038,0
99071022.17147267,149184888.60441038,0
46859651.84388027,149184888.60441038,0
723570692.1725469,149184888.60441038,0
3009447814.157582,149184888.60441038,0
62926950.57217395,149184888.60441038,0
3036417065.2195654,149184888.60441038,0
117586218.10861816,149184888.60441038,0
340140748.7979112,149184888.60441038,0
2203059881.793779,149184888.60441038,0
11662801.986467244,149184888.60441038,0
174083252.23927614,149184888.60441038,0
69346216.64375831,149184888.60441038,0
549398935.9836307,149184888.60441038,0
79749715.23494305,149184888.60441038,0
9271660.267323554,149184888.60441038,0
7346131.546075132,149184888.60441038,0
236914435.75491023,149184888.60441038,0
38842242.868650526,149184888.60441038,0
822924093.9871697,149184888.60441038,0
60736873.640293,149184888.60441038,0
2208085333.5144496,149184888.60441038,0
34953961.696123905,149184888.60441038,0
76408853.085787,149184888.60441038,0
44674595.60943931,149184888.60441038,0
2089754655.1752968,149184888.60441038,0
84167401.2089245,149184888.60441038,0
8222158.46764059,149184888.60441038,0
2294052039.6002617,149184888.60441038,0
360927353.32709193,149184888.60441038,0
0.0,149184888.60441038,0
379883115.32234913,149184888.60441038,0
4352064.3861421645,149184888.60441038,0
52134998.510307,149184888.60441038,0
50217719.41333948,149184888.60441038,0
8178729.698565852,149184888.60441038,0
360153929.66341865,149184888.60441038,0
823868756.1837823,149184888.60441038,0
8025609.771893383,149184888.60441038,0
178507335.4140958,149184888.60441038,0
744773006.920204,149184888.60441038,0
1685936505.875352,149184888.60441038,0
2944706388.8277493,149184888.60441038,0
1472362798.407611,149184888.60441038,0
360689561.86987543,149184888.60441038,0
62698104.126305774,149184888.60441038,0
1743008.824490736,149184888.60441038,0
84708410.38067476,149184888.60441038,0
280818752.98055387,149184888.60441038,0
31462601.337488845,149184888.60441038,0
89266758.64680554,149184888.60441038,0
3971914.673270598,149184888.60441038,0
94026003.50937635,149184888.60441038,0
2323576355.6616015,149184888.60441038,0
62770097.70810705,149184888.60441038,0
185278617.2262721,149184888.60441038,0
12149878.250819653,149184888.60441038,0
58443000.48542814,149184888.60441038,0
403043135.4667582,149184888.60441038,0
84414697.88948652,149184888.60441038,0
64804275.22468292,149184888.60441038,0
188427230.04186827,149184888.60441038,0
3063782063.7668424,149184888.60441038,0
20122534.53871119,149184888.60441038,0
66099431.39300144,149184888.60441038,0
108326843.46119054,149184888.60441038,0
5192803.074672075,149184888.60441038,0
504493390.12799394,149184888.60441038,0
25432153.750917055,149184888.60441038,0
33388366.14054436,149184888.60441038,0
175833233.60084292,149184888.60441038,0
2357870782.6098475,149184888.60441038,0
30056061.098396998,149184888.60441038,0
359371941.7003877,149184888.60441038,0
5095339.063076163,149184888.60441038,0
760411688.9431816,149184888.60441038,0
2140942625.9919782,149184888.60441038,0
55662779.46796143,149184888.60441038,0
73422305.65321946,149184888.60441038,0
625543400.6192709,149184888.60441038,0
95672575.67213744,149184888.60441038,0
2844691661.7610326,149184888.60441038,0
85710899.49105656,149184888.60441038,0
69097891.17259885,149184888.60441038,0
2534685399.795298,149184888.60441038,0
75518766.63331808,149184888.60441038,0
79678960.3184166,149184888.60441038,0
2340641312.1845927,149184888.60441038,0
262858017.91602886,149184888.60441038,0
151824730.07530606,149184888.60441038,0
46657701.81976728,149184888.60441038,0
434683939.3258942,149184888.60441038,0
218066712.2932205,149184888.60441038,0
348077590.8398761,149184888.60441038,0
9302036.585678492,149184888.60441038,0
251062374.67397994,149184888.60441038,0
27566424.54685588,149184888.60441038,0
208350918.43668228,149184888.60441038,0
1260802002.856755,149184888.60441038,0
51404027.19774951,149184888.60441038,0
19698746.616174083,149184888.60441038,0
514814943.050782,149184888.60441038,0
1323815352.8050475,149184888.60441038,0
2268127567.7849684,149184888.60441038,0
58725807.70763613,149184888.60441038,0
52397967.76317747,149184888.60441038,0
305568844.70772135,149184888.60441038,0
166162771.7601367,149184888.60441038,0
49924670.23186222,149184888.60441038,0
324243455.4258834,149184888.60441038,0
69999814.9684858,149184888.60441038,0
11716353.869915538,149184888.60441038,0
3039811718.7087145,149184888.60441038,0
287416290.0282306,149184888.60441038,0
2620144958.000821,149184888.60441038,0
5306335.249001091,149184888.60441038,0
0.0,149184888.60441038,0
153076184.76682362,149184888.60441038,0
150737657.02510142,149184888.60441038,0
0.0,149184888.60441038,0
144326609.59694314,149184888.60441038,0
48769349.86898595,149184888.60441038,0
1239475730.9361813,149184888.60441038,0
220375226.18596002,149184888.60441038,0
237440668.6636212,149184888.60441038,0
96570645.05168065,149184888.60441038,0
0.0,149184888.60441038,0
290271158.51001155,149184888.60441038,0
104987478.51415798,149184888.60441038,0
73164843.70724677,149184888.60441038,0
2226941426.6157236,149184888.60441038,0
933637878.8704023,149184888.60441038,0
902152562.0001392,149184888.60441038,0
20742456.32353721,149184888.60441038,0
492957509.7748523,149184888.60441038,0
23361972.176872052,149184888.60441038,0
477507544.87705624,149184888.60441038,0
55152652.56767588,149184888.60441038,0
471136393.9001352,149184888.60441038,0
0.0,149184888.60441038,0
219878157.94865292,149184888.60441038,0
2352841473.8171973,149184888.60441038,0
18750565.57019857,149184888.60441038,0
394433597.9536946,149184888.60441038,0
3682236.3148791594,149184888.60441038,0
459949500.8877017,149184888.60441038,0
2149943610.2691174,149184888.60441038,0
406501878.3605701,149184888.60441038,0
229013190.22007996,149184888.60441038,0
568041442.0880083,149184888.60441038,0
697667646.4250131,149184888.60441038,0
30056061.098396998,149184888.60441038,0
750402723.4831766,149184888.60441038,0
97515356.14490394,149184888.60441038,0
109673301.81353718,149184888.60441038,0
82942391.62327643,149184888.60441038,0
570509577.5735863,149184888.60441038,0
171497233.9445365,149184888.60441038,0
3179131049.039246,149184888.60441038,0
78871504.57188688,149184888.60441038,0
10897173.816879671,149184888.60441038,0
42304990.47149204,149184888.60441038,0
1388080038.2236044,149184888.60441038,0
1273985918.9857757,149184888.60441038,0
89330924.33626239,149184888.60441038,0
53914912.79261147,149184888.60441038,0
35669584.72371751,149184888.60441038,0
115496679.45082036,149184888.60441038,0
2780622785.6213465,149184888.60441038,0
7580193.173160156,149184888.60441038,0
79880784.75728634,149184888.60441038,0
75739090.28246261,149184888.60441038,0
350285029.05158895,149184888.60441038,0
2763801014.45496,149184888.60441038,0
1061357029.7218672,149184888.60441038,0
86046582.82202436,149184888.60441038,0
68900418.99095288,149184888.60441038,0
636202880.1104289,149184888.60441038,0
213798250.3446303,149184888.60441038,0
0.0,149184888.60441038,0
225615700.31845415,149184888.60441038,0
1673081417.8775852,149184888.60441038,0
116592563.03948754,149184888.60441038,0
37196571.18973272,149184888.60441038,0
111454467.8290948,149184888.60441038,0
2692911470.3091273,149184888.60441038,0
924316001.8258846,149184888.60441038,0
45926099.64956786,149184888.60441038,0
2358620668.631754,149184888.60441038,0
28579389.815736774,149184888.60441038,0
2660096848.801863,149184888.60441038,0
257449474.55530822,149184888.60441038,0
64803040.363978244,149184888.60441038,0
2894484212.9176493,149184888.60441038,0
17475128.376558974,149184888.60441038,0
14442235.813920274,149184888.60441038,0
282009916.3547254,149184888.60441038,0
10258414.007358123,149184888.60441038,0
52041531.08046401,149184888.60441038,0
80765811.97604394,149184888.60441038,0
117286886.23794061,149184888.60441038,0
483740629.21366507,149184888.60441038,0
58911091.017633125,149184888.60441038,0
1845574123.983779,149184888.60441038,0
445867607.38923717,149184888.60441038,0
954770936.28845,149184888.60441038,0
4049767.501577466,149184888.60441038,0
1556338375.4046426,149184888.60441038,0
127764833.78611925,149184888.60441038,0
50976304.95269948,149184888.60441038,0
44223194.866377905,149184888.60441038,0
53742857.77234185,149184888.60441038,0
9083076.294669809,149184888.60441038,0
39694410.15843488,149184888.60441038,0
678429708.0794656,149184888.60441038,0
133531718.68638103,149184888.60441038,0
211566694.8470556,149184888.60441038,0
3700118.805797307,149184888.60441038,0
2459878797.703061,149184888.60441038,0
21410541.89044582,149184888.60441038,0
2234756218.96925,149184888.60441038,0
76632298.5477169,149184888.60441038,0
2407120449.5623527,149184888.60441038,0
2892356791.9033737,149184888.60441038,0
2714823275.0052075,149184888.60441038,0
9169802.536691878,149184888.60441038,0
2718317352.1109457,149184888.60441038,0
241240192.65235987,149184888.60441038,0
95482286.17288244,149184888.60441038,0
19937468.74724443,149184888.60441038,0
57702082.17771106,149184888.60441038,0
36207690.95844376,149184888.60441038,0
0.0,149184888.60441038,0
427477175.3481512,149184888.60441038,0
42626304.25978066,149184888.60441038,0
84581307.93609408,149184888.60441038,0
2453493659.643185,149184888.60441038,0
363375130.96008694,149184888.60441038,0
3248842938.957693,149184888.60441038,0
0.0,149184888.60441038,0
2665148807.762807,149184888.60441038,0
360869405.41388243,149184888.60441038,0
706191119.6567707,149184888.60441038,0
3538375.042859492,149184888.60441038,0
264008759.88554704,149184888.60441038,0
248314214.93219715,149184888.60441038,0
145943974.87065876,149184888.60441038,0
71262544.57866783,149184888.60441038,0
75051062.69436347,149184888.60441038,0
977623456.5970831,149184888.60441038,0
240004571.8698814,149184888.60441038,0
2440893052.8835588,149184888.60441038,0
2695168175.7116227,149184888.60441038,0
65860771.01327054,149184888.60441038,0
180178465.0111722,149184888.60441038,0
1403130040.346917,149184888.60441038,0
421932827.1831166,149184888.60441038,0
82277890.68146195,149184888.60441038,0
11291820.435231857,149184888.60441038,0
28248381.854970127,149184888.60441038,0
68151950.95449291,149184888.60441038,0
2408604717.412952,149184888.60441038,0
18659140.67077563,149184888.60441038,0
71511630.29432914,149184888.60441038,0
92197947.94430229,149184888.60441038,0
70083531.97641213,149184888.60441038,0
19443326.81960189,149184888.60441038,0
2210885584.0809565,149184888.60441038,0
51669352.13687031,149184888.60441038,0
154696305.17995027,149184888.60441038,0
70930478.6210791,149184888.60441038,0
2148557572.3939204,149184888.60441038,0
2491219602.393521,149184888.60441038,0
173330685.79796678,149184888.60441038,0
125973931.91749926,149184888.60441038,0
9743143.951727156,149184888.60441038,0
94369109.2833306,149184888.60441038,0
406847233.69089013,149184888.60441038,0
28530953.95699717,149184888.60441038,0
128662144.44789915,149184888.60441038,0
361908296.8185827,149184888.60441038,0
203735797.83407405,149184888.60441038,0
91041888.33740789,149184888.60441038,0
39397356.07720623,149184888.60441038,0
41134387.62263893,149184888.60441038,0
37925952.16217886,149184888.60441038,0
41781871.410506286,149184888.60441038,0
85022974.66763723,149184888.60441038,0
84424155.96521172,149184888.60441038,0
2317422618.518777,149184888.60441038,0
0.0,149184888.60441038,0
129548689.57212302,149184888.60441038,0
77744803.85458466,149184888.60441038,0
10569919.888092294,149184888.60441038,0
0.0,149184888.60441038,0
14741464.273007587,149184888.60441038,0
2900850104.7454634,149184888.60441038,0
883106126.0095078,149184888.60441038,0
177751117.69856867,149184888.60441038,0
286604159.83545697,149184888.60441038,0
610047126.9520996,149184888.60441038,0
4223801.016796502,149184888.60441038,0
2186811376.457088,149184888.60441038,0
87357211.28545772,149184888.60441038,0
0.0,149184888.60441038,0
212687940.6706888,149184888.60441038,0
218408378.31917602,149184888.60441038,0
101556787.8926832,149184888.60441038,0
2370263075.635747,149184888.60441038,0
522406801.9249762,149184888.60441038,0
159575977.8072846,149184888.60441038,0
637034096.5126373,149184888.60441038,0
2420515167.3248734,149184888.60441038,0
57808538.194931775,149184888.60441038,0
332324396.34680456,149184888.60441038,0
8329396.653113252,149184888.60441038,0
40413734.43257201,149184888.60441038,0
17411963.544711556,149184888.60441038,0
2900830240.604459,149184888.60441038,0
105050293.79479817,149184888.60441038,0
454683.9718131044,149184888.60441038,0
237523760.46138287,149184888.60441038,0
69737375.7067056,149184888.60441038,0
302050340.2732378,149184888.60441038,0
23170968.01624626,149184888.60441038,0
47652614.432252675,149184888.60441038,0
2315592852.982348,149184888.60441038,0
3132654.606387323,149184888.60441038,0
310728246.6291431,149184888.60441038,0
2453875160.3410473,149184888.60441038,0
2799844319.5135264,149184888.60441038,0
146239207.44628036,149184888.60441038,0
58808335.941436194,149184888.60441038,0
96412885.31697214,149184888.60441038,0
1422747970.4912665,149184888.60441038,0
551957001.9937154,149184888.60441038,0
94731820.44218121,149184888.60441038,0
51728248.88210237,149184888.60441038,0
135267561.475029,149184888.60441038,0
0.0,149184888.60441038,0
34528692.31873077,149184888.60441038,0
2464286702.7048264,149184888.60441038,0
83483547.69767794,149184888.60441038,0
1821885.2893719012,149184888.60441038,0
37232439.968445756,149184888.60441038,0
87932414.10334015,149184888.60441038,0
250479217.92548445,149184888.60441038,0
8435395.226846877,149184888.60441038,0
91419032.11820504,149184888.60441038,0
78798931.7262981,149184888.60441038,0
10080906.151230639,149184888.60441038,0
45655513.8020608,149184888.60441038,0
2339992480.167753,149184888.60441038,0
55768615.76825898,149184888.60441038,0
22711131.351054143,149184888.60441038,0
249812070.35743415,149184888.60441038,0
21896389.90552512,149184888.60441038,0
14600721.36596235,149184888.60441038,0
1555929842.5426123,149184888.60441038,0
82036025.31721565,149184888.60441038,0
100265227.73022997,149184888.60441038,0
32872607.738547433,149184888.60441038,0
156949449.81484973,149184888.60441038,0
203956883.324228,149184888.60441038,0
38212737.824952066,149184888.60441038,0
1719915872.558532,149184888.60441038,0
0.0,149184888.60441038,0
150762964.7144368,149184888.60441038,0
102371753.81076401,149184888.60441038,0
2524010750.7207828,149184888.60441038,0
2050882536.6580825,149184888.60441038,0
251945232.83539546,149184888.60441038,0
127986261.7567767,149184888.60441038,0
43453253.30164507,149184888.60441038,0
424450846.09677833,149184888.60441038,0
10988099.681779783,149184888.60441038,0
57314602.23915273,149184888.60441038,0
7531480.928491814,149184888.60441038,0
2299954534.0325184,149184888.60441038,0
102909448.16944098,149184888.60441038,0
110119943.497093,149184888.60441038,0
127783464.85728759,149184888.60441038,0
199324692.5829298,149184888.60441038,0
345526621.27642614,149184888.60441038,0
201039184.34827852,149184888.60441038,0
748297842.5814714,149184888.60441038,0
2323377708.4909883,149184888.60441038,0
88707335.08175176,149184888.60441038,0
104616262.81644784,149184888.60441038,0
0.0,149184888.60441038,0
38030532.309063576,149184888.60441038,0
30131541.41540078,149184888.60441038,0
196500554.14507425,149184888.60441038,0
1600140411.0437665,149184888.60441038,0
237167550.16903335,149184888.60441038,0
366074902.2763325,149184888.60441038,0
125194170.51714167,149184888.60441038,0
170951746.01356852,149184888.60441038,0
33290890.832845405,149184888.60441038,0
162945092.74106243,149184888.60441038,0
1369818905.015538,149184888.60441038,0
652165564.1819762,149184888.60441038,0
1104372003.5673285,149184888.60441038,0
12633989.956817271,149184888.60441038,0
39701109.48637173,149184888.60441038,0
43398484.350460984,149184888.60441038,0
17295619.57688395,149184888.60441038,0
2459902149.3070893,149184888.60441038,0
116083713.27198137,149184888.60441038,0
88053187.82972117,149184888.60441038,0
2781714374.6117744,149184888.60441038,0
551088561.9208546,149184888.60441038,0
33448371.643120874,149184888.60441038,0
3860345.4408358796,149184888.60441038,0
528484926.74305546,149184888.60441038,0
2656432485.73003,149184888.60441038,0
716454644.4187587,149184888.60441038,0
31663974.59917082,149184888.60441038,0
47637570.87716003,149184888.60441038,0
5211268.706954866,149184888.60441038,0
29505234.312967014,149184888.60441038,0
26466033.84375619,149184888.60441038,0
196233601.99882922,149184888.60441038,0
194536740.1331041,149184888.60441038,0
20616657.15999432,149184888.60441038,0
28173607.919965126,149184888.60441038,0
2209268308.314448,149184888.60441038,0
3060281310.083516,149184888.60441038,0
14707345.24623878,149184888.60441038,0
1394506428.7456346,149184888.60441038,0
149079195.5994793,149184888.60441038,0
42819713.89060277,149184888.60441038,0
1143616555.384815,149184888.60441038,0
110621196.63186345,149184888.60441038,0
2090460290.1093512,149184888.60441038,0
2567267296.6277485,149184888.60441038,0
239397088.60436723,149184888.60441038,0
304448538.97834283,149184888.60441038,0
30939019.047110062,149184888.60441038,0
152982708.65894794,149184888.60441038,0
156160929.99414837,149184888.60441038,0
1948767067.1693864,149184888.60441038,0
3062050662.08934,149184888.60441038,0
143430551.14473864,149184888.60441038,0
42886420.817997396,149184888.60441038,0
42213012.792309895,149184888.60441038,0
158489873.3753065,149184888.60441038,0
621789114.9775951,149184888.60441038,0
309783753.1123872,149184888.60441038,0
6751483.839430349,149184888.60441038,0
2936441824.186047,149184888.60441038,0
193491841.27753523,149184888.60441038,0
3057330851.6581845,149184888.60441038,0
0.0,149184888.60441038,0
0.0,149184888.60441038,0
56347033.83603845,149184888.60441038,0
3067175832.4886627,149184888.60441038,0
2631830269.3829346,149184888.60441038,0
60933816.39306009,149184888.60441038,0
75484586.55610126,149184888.60441038,0
61826890.00145339,149184888.60441038,0
56859883.694940284,149184888.60441038,0
27744829.532418765,149184888.60441038,0
248939074.09308922,149184888.60441038,0
895161840.585837,149184888.60441038,0
3189924533.995949,149184888.60441038,0
117396395.11642006,149184888.60441038,0
292346073.18048954,149184888.60441038,0
165318927.72606912,149184888.60441038,0
77227086.75526246,149184888.60441038,0
71521854.79837549,149184888.60441038,0
96191216.3715785,149184888.60441038,0
80173393.77640653,149184888.60441038,0
39363487.646276206,149184888.60441038,0
206012679.51996267,149184888.60441038,0
178700351.71016005,149184888.60441038,0
63094934.74815074,149184888.60441038,0
246040190.9764562,149184888.60441038,0
205560092.07218808,149184888.60441038,0
99351809.68004252,149184888.60441038,0
2919077095.054286,149184888.60441038,0
132664810.42673232,149184888.60441038,0
75288915.57470301,149184888.60441038,0
17789953.09255563,149184888.60441038,0
762021560.2591195,149184888.60441038,0
146351780.86722228,149184888.60441038,0
3102097346.4045644,149184888.60441038,0
14453428.00978408,149184888.60441038,0
19131706.174019605,149184888.60441038,0
126027921.17995533,149184888.60441038,0
15263329.329038434,149184888.60441038,0
169029507.88181835,149184888.60441038,0
138343437.89388746,149184888.60441038,0
38665589.95975875,149184888.60441038,0
27709146.331584577,149184888.60441038,0
42277772.48386343,149184888.60441038,0
36869308.004011475,149184888.60441038,0
85224384.56398955,149184888.60441038,0
43845797.705135554,149184888.60441038,0
2703006850.743108,149184888.60441038,0
71793953.79084055,149184888.60441038,0
365200336.3969331,149184888.60441038,0
574631971.5143534,149184888.60441038,0
567751350.766238,149184888.60441038,0
31976612.26678814,149184888.60441038,0
26462655.005495656,149184888.60441038,0
1519957.8767235149,149184888.60441038,0
65488924.84074463,149184888.60441038,0
20345585.740861844,149184888.60441038,0
149873533.9859128,149184888.60441038,0
2500358640.4659348,149184888.60441038,0
16449124.532058086,149184888.60441038,0
0.0,149184888.60441038,0
2577126372.453793,149184888.60441038,0
69888742.12460689,149184888.60441038,0
34536049.92018396,149184888.60441038,0
3210381842.1268067,149184888.60441038,0
2343610243.4334574,149184888.60441038,0
23732629.875590034,149184888.60441038,0
36184964.93788011,149184888.60441038,0
393364683.2096596,149184888.60441038,0
640067380.28617,149184888.60441038,0
2656228543.70023,149184888.60441038,0
1223202092.1127212,149184888.60441038,0
2090719370.5731292,149184888.60441038,0
20910806.649325386,149184888.60441038,0
95081432.29385476,149184888.60441038,0
73161468.7018395,149184888.60441038,0
59015280.682651326,149184888.60441038,0
209004591.4883434,149184888.60441038,0
62999200.794164896,149184888.60441038,0
32648988.502171848,149184888.60441038,0
19682408.70786802,149184888.60441038,0
760614943.4374838,149184888.60441038,0
33708892.43593247,149184888.60441038,0
86033976.71313399,149184888.60441038,0
518394151.93179613,149184888.60441038,0
44080556.4348451,149184888.60441038,0
68156550.10141289,149184888.60441038,0
10339822.614327198,149184888.60441038,0
114472585.47513393,149184888.60441038,0
0.0,149184888.60441038,0
97308544.82651117,149184888.60441038,0
99847344.51350828,149184888.60441038,0
364086903.0867979,149184888.60441038,0
225291802.45708728,149184888.60441038,0
50970529.580941916,149184888.60441038,0
2779484126.547544,149184888.60441038,0
2553069524.962089,149184888.60441038,0
388921778.23208255,149184888.60441038,0
103714278.77004863,149184888.60441038,0
5079661.647113223,149184888.60441038,0
188793644.11855462,149184888.60441038,0
105896256.59849137,149184888.60441038,0
105581629.66529915,149184888.60441038,0
24800704.988104895,149184888.60441038,0
1350689034.8007119,149184888.60441038,0
298121085.45269334,149184888.60441038,0
2361853360.2913322,149184888.60441038,0
313503088.3525812,149184888.60441038,0
49904105.454307705,149184888.60441038,0
1358198449.5867786,149184888.60441038,0
11675257.415048411,149184888.60441038,0
66125786.47490865,149184888.60441038,0
100495363.18520094,149184888.60441038,0
171122349.56878585,149184888.60441038,0
168332853.53257453,149184888.60441038,0
2830026816.024635,149184888.60441038,0
754482462.9913437,149184888.60441038,0
782520127.6865785,149184888.60441038,0
97079748.336002,149184888.60441038,0
106379845.72467588,149184888.60441038,0
2140648050.7535734,149184888.60441038,0
84376571.62045819,149184888.60441038,0
31112705.56185398,149184888.60441038,0
79167685.5897148,149184888.60441038,0
30801520.255952768,149184888.60441038,0
770455903.9320177,149184888.60441038,0
428526.7846769311,149184888.60441038,0
488926445.4261626,149184888.60441038,0
2789818788.705534,149184888.60441038,0
62640540.807958566,149184888.60441038,0
117872373.74382284,149184888.60441038,0
2239771428.9709377,149184888.60441038,0
60248347.64749438,149184888.60441038,0
466285890.81498116,149184888.60441038,0
169303966.17020085,149184888.60441038,0
56835177.09196951,149184888.60441038,0
642031807.8889303,149184888.60441038,0
312339462.07277066,149184888.60441038,0
63899490.65355854,149184888.60441038,0
11762537.445328077,149184888.60441038,0
23200708.082728714,149184888.60441038,0
3208553326.9670167,149184888.60441038,0
4621367.195887165,149184888.60441038,0
585250072.0843861,149184888.60441038,0
9253385.895490104,149184888.60441038,0
2531560730.785816,149184888.60441038,0
63412522.56550474,149184888.60441038,0
60517411.7569689,149184888.60441038,0
55560504.95210518,149184888.60441038,0
2351655589.427492,149184888.60441038,0
155405198.59668168,149184888.60441038,0
51668392.29595724,149184888.60441038,0
2349643341.187249,149184888.60441038,0
4636843.434089924,149184888.60441038,0
2372031579.3210783,149184888.60441038,0
16290257.948167387,149184888.60441038,0
2046106765.2820573,149184888.60441038,0
127418343.60243982,149184888.60441038,0
44124078.82237606,149184888.60441038,0
225575465.25022042,149184888.60441038,0
308046761.64549625,149184888.60441038,0
674102819.6998695,149184888.60441038,0
728060199.701905,149184888.60441038,0
473082606.0663077,149184888.60441038,0
724551073.9156033,149184888.60441038,0
90466507.40868872,149184888.60441038,0
375562942.54882944,149184888.60441038,0
27365569.475596808,149184888.60441038,0
30892824.70718488,149184888.60441038,0
9207928.190694645,149184888.60441038,0
514629919.21442986,149184888.60441038,0
206028986.3985972,149184888.60441038,0
6874664.94450331,149184888.60441038,0
11697144.735540308,149184888.60441038,0
533983982.64355665,149184888.60441038,0
32898507.77919089,149184888.60441038,0
56869996.82577586,149184888.60441038,0
210470534.63622674,149184888.60441038,0
371520821.4346036,149184888.60441038,0
1229318784.969051,149184888.60441038,0
3152726848.4512453,149184888.60441038,0
95905544.34861921,149184888.60441038,0
83391369.41359591,149184888.60441038,0
3330563997.269643,149184888.60441038,0
142943968.8000821,149184888.60441038,0
43593419.63005106,149184888.60441038,0
561853818.1240379,149184888.60441038,0
431851540.68927866,149184888.60441038,0
30454893.626513653,149184888.60441038,0
64670533.90582818,149184888.60441038,0
252353037.2797798,149184888.60441038,0
290563456.3697432,149184888.60441038,0
3952940.1147198845,149184888.60441038,0
31853793.325639594,149184888.60441038,0
153709543.54212075,149184888.60441038,0
71031694.00843547,149184888.60441038,0
2701330818.885751,149184888.60441038,0
1888223901.1203456,149184888.60441038,0
124379620.05706379,149184888.60441038,0
122970563.64017455,149184888.60441038,0
2141469804.792621,149184888.60441038,0
81774734.89322406,149184888.60441038,0
34499445.52349328,149184888.60441038,0
147157238.78946492,149184888.60441038,0
86106623.83812648,149184888.60441038,0
2112836261.9219105,149184888.60441038,0
2474418702.0026965,149184888.60441038,0
53515839.766154334,149184888.60441038,0
222275565.24975714,149184888.60441038,0
4669097.371064324,149184888.60441038,0
3063698026.5297103,149184888.60441038,0
93947479.56781745,149184888.60441038,0
78221904.5876918,149184888.60441038,0
36564811.35616392,149184888.60441038,0
10173559.900870053,149184888.60441038,0
6819223.244764046,149184888.60441038,0
140339887.19537517,149184888.60441038,0
172500263.4060073,149184888.60441038,0
2763714935.219775,149184888.60441038,0
39033401.86343533,149184888.60441038,0
11524832.041261408,149184888.60441038,0
692967465.1121749,149184888.60441038,0
1314222109.5638185,149184888.60441038,0
123619827.4207429,149184888.60441038,0
228442008.17636216,149184888.60441038,0
173794247.7521756,149184888.60441038,0
80595161.6597365,149184888.60441038,0
5536408.559197977,149184888.60441038,0
102873988.96049468,149184888.60441038,0
424549199.7776333,149184888.60441038,0
152994648.55312988,149184888.60441038,0
91965541.2188848,149184888.60441038,0
83261893.72127771,149184888.60441038,0
18285114.846269336,149184888.60441038,0
90462935.53659332,149184888.60441038,0
8027856.402164316,149184888.60441038,0
36805176.571364544,149184888.60441038,0
833036672.7621245,149184888.60441038,0
133359980.59439388,149184888.60441038,0
98476711.65455478,149184888.60441038,0
1878694149.719153,149184888.60441038,0
2267360967.2233415,149184888.60441038,0
81305516.7424731,149184888.60441038,0
57846720.25842965,149184888.60441038,0
0.0,149184888.60441038,0
145590341.42186865,149184888.60441038,0
2672122072.5341406,149184888.60441038,0
338804754.4762793,149184888.60441038,0
150699387.93313125,149184888.60441038,0
6784792.923582698,149184888.60441038,0
43498706.40578049,149184888.60441038,0
50580695.32946215,149184888.60441038,0
65946728.68059119,149184888.60441038,0
121347285.46066928,149184888.60441038,0
5025936.415572823,149184888.60441038,0
80758883.13938361,149184888.60441038,0
66104441.98431967,149184888.60441038,0
20250736.070122227,149184888.60441038,0
58642912.72554074,149184888.60441038,0
238017848.31113815,149184888.60441038,0
107058826.77664396,149184888.60441038,0
202326477.80505162,149184888.60441038,0
67694036.01526603,149184888.60441038,0
19086120.10955271,149184888.60441038,0
89923994.4112315,149184888.60441038,0
759425593.6490519,149184888.60441038,0
92901806.0693138,149184888.60441038,0
5590264.719561654,149184888.60441038,0
199392551.84722057,149184888.60441038,0
101433540.96790954,149184888.60441038,0
113572491.5011195,149184888.60441038,0
18711575.15301038,149184888.60441038,0
247745494.14479503,149184888.60441038,0
153693394.56224412,149184888.60441038,0
137651658.67033952,149184888.60441038,0
2595793854.5084233,149184888.60441038,0
171655841.75409302,149184888.60441038,0
651844770.974266,149184888.60441038,0
202078779.0568936,149184888.60441038,0
711659996.8178864,149184888.60441038,0
29836983.463952087,149184888.60441038,0
1037034036.0729277,149184888.60441038,0
1821796460.6177795,149184888.60441038,0
2370528979.807755,149184888.60441038,0
671640545.2148664,149184888.60441038,0
521190482.20812243,149184888.60441038,0
49007943.66221656,149184888.60441038,0
417350545.09358466,149184888.60441038,0
880161459.2081542,149184888.60441038,0
269194157.0242723,149184888.60441038,0
67107755.25755796,149184888.60441038,0
114116379.31284483,149184888.60441038,0
2538887824.940361,149184888.60441038,0
1369833488.8619852,149184888.60441038,0
187331426.73778954,149184888.60441038,0
15328117.485650754,149184888.60441038,0
70110852.3986387,149184888.60441038,0
88247586.49163522,149184888.60441038,0
32504686.12748538,149184888.60441038,0
89876045.70101172,149184888.60441038,0
534117021.937182,149184888.60441038,0
130428158.59836401,149184888.60441038,0
102788188.13267545,149184888.60441038,0
59933170.44543071,149184888.60441038,0
170084843.1038144,149184888.60441038,0
448862198.4036752,149184888.60441038,0
39342945.80363263,149184888.60441038,0
2192438496.411581,149184888.60441038,0
11376472.519009046,149184888.60441038,0
53736631.322915316,149184888.60441038,0
146580299.3474254,149184888.60441038,0
148152597.09883812,149184888.60441038,0
1525021024.7619672,149184888.60441038,0
63224594.60803455,149184888.60441038,0
189212433.87901425,149184888.60441038,0
71526048.50430389,149184888.60441038,0
220432869.64839432,149184888.60441038,0
3145217145.9988284,149184888.60441038,0
32467706.822737213,149184888.60441038,0
667207253.1105376,149184888.60441038,0
720867302.6166124,149184888.60441038,0
16425007.85681596,149184888.60441038,0
24085557.665999006,149184888.60441038,0
18344661.109203197,149184888.60441038,0
548039.3541600085,149184888.60441038,0
151529204.57246986,149184888.60441038,0
441302294.6673709,149184888.60441038,0
2317422618.518777,149184888.60441038,0
2408553394.9061637,149184888.60441038,0
42655167.26827936,149184888.60441038,0
3083645681.273306,149184888.60441038,0
321171362.7390893,149184888.60441038,0
277421838.8530749,149184888.60441038,0
0.0,149184888.60441038,0
123118454.39981881,149184888.60441038,0
85326942.80521137,149184888.60441038,0
184394936.42559266,149184888.60441038,0
3064232130.180183,149184888.60441038,0
54946466.26161521,149184888.60441038,0
107996013.28600162,149184888.60441038,0
2647999873.907219,149184888.60441038,0
579868217.493786,149184888.60441038,0
190798005.20110214,149184888.60441038,0
2763095699.5193825,149184888.60441038,0
713828.1801602743,149184888.60441038,0
45508890.99426587,149184888.60441038,0
50955388.49881924,149184888.60441038,0
146210402.50627702,149184888.60441038,0
20289236.89742145,149184888.60441038,0
2409239173.3334217,149184888.60441038,0
64683492.69537251,149184888.60441038,0
47346331.11389191,149184888.60441038,0
63372152.09845567,149184888.60441038,0
971740622.9172388,149184888.60441038,0
38334898.87313515,149184888.60441038,0
93179950.97241244,149184888.60441038,0
3920678.3954976904,149184888.60441038,0
0.0,149184888.60441038,0
2400033729.0758195,149184888.60441038,0
116888748.25841683,149184888.60441038,0
28615658.584554538,149184888.60441038,0
8063629.052779032,149184888.60441038,0
2551659480.057588,149184888.60441038,0
2312326253.2213726,149184888.60441038,0
86246949.57380915,149184888.60441038,0
209530858.3666442,149184888.60441038,0
94728427.00570087,149184888.60441038,0
2662421612.1533856,149184888.60441038,0
82926984.27634512,149184888.60441038,0
2989604773.7616277,149184888.60441038,0
29171583.4132711,149184888.60441038,0
2449186006.322466,149184888.60441038,0
27524128.162926175,149184888.60441038,0
221368925.8685078,149184888.60441038,0
240660886.5438806,149184888.60441038,0
0.0,149184888.60441038,0
2764846599.4456677,149184888.60441038,0
310758257.38700634,149184888.60441038,0
8503703.33933597,149184888.60441038,0
22928313.02150114,149184888.60441038,0
25134768.73800719,149184888.60441038,0
81441041.69129008,149184888.60441038,0
2010463348.9939532,149184888.60441038,0
93249204.02234706,149184888.60441038,0
3035381552.296456,149184888.60441038,0
1887584673.7379231,149184888.60441038,0
4646211.715870251,149184888.60441038,0
1142474551.7662792,149184888.60441038,0
141278750.83344024,149184888.60441038,0
148011479.5711159,149184888.60441038,0
75928627.01991594,149184888.60441038,0
513689222.7238436,149184888.60441038,0
119250216.30218793,149184888.60441038,0
1635934351.6369646,149184888.60441038,0
60522128.40035544,149184888.60441038,0
2631582942.644669,149184888.60441038,0
473292265.655941,149184888.60441038,0
387849655.88384455,149184888.60441038,0
68372158.9327562,149184888.60441038,0
103075326.25128704,149184888.60441038,0
32239016.275056638,149184888.60441038,0
84788746.97837584,149184888.60441038,0
286710619.2671604,149184888.60441038,0
89265789.49192165,149184888.60441038,0
91056263.0321725,149184888.60441038,0
2665244136.4860806,149184888.60441038,0
240607911.27002263,149184888.60441038,0
64252122.45268987,149184888.60441038,0
2720672694.010316,149184888.60441038,0
140357496.7025369,149184888.60441038,0
159889074.92358375,149184888.60441038,0
37953397.376269236,149184888.60441038,0
70463714.87671748,149184888.60441038,0
1905972881.1922894,149184888.60441038,0
154901700.4506542,149184888.60441038,0
158105482.29682913,149184888.60441038,0
384113920.33210206,149184888.60441038,0
55554520.371052474,149184888.60441038,0
231323379.39374584,149184888.60441038,0
1110629350.1642308,149184888.60441038,0
189928380.2976243,149184888.60441038,0
89027690.6753723,149184888.60441038,0
188783615.6934984,149184888.60441038,0
723707854.9468936,149184888.60441038,0
1723545784.9557836,149184888.60441038,0
29160906.812845238,149184888.60441038,0
74134232.51471314,149184888.60441038,0
75474658.94317374,149184888.60441038,0
123398528.21028373,149184888.60441038,0
0.0,149184888.60441038,0
59807395.88598487,149184888.60441038,0
79645970.15129027,149184888.60441038,0
26638210.289204974,149184888.60441038,0
718035708.1148498,149184888.60441038,0
468509014.5407271,149184888.60441038,0
516033077.8515496,149184888.60441038,0
12340400.6357092,149184888.60441038,0
155426705.27358255,149184888.60441038,0
6664006.40766529,149184888.60441038,0
4518057454.086903,149184888.60441038,0
12956254.032222398,149184888.60441038,0
17887276.742622767,149184888.60441038,0
1429150.3348984802,149184888.60441038,0
33635803.70230313,149184888.60441038,0
171311985.83672234,149184888.60441038,0
535213290.24289703,149184888.60441038,0
242264712.52339876,149184888.60441038,0
37844796.09943347,149184888.60441038,0
868533917.120914,149184888.60441038,0
1874596364.5543547,149184888.60441038,0
67210992.93041174,149184888.60441038,0
46251681.59139915,149184888.60441038,0
73780905.3606988,149184888.60441038,0
9195369.230389453,149184888.60441038,0
2023459523.4849167,149184888.60441038,0
95156886.05905315,149184888.60441038,0
344297646.4605194,149184888.60441038,0
627872359.1676077,149184888.60441038,0
26890238.553507883,149184888.60441038,0
126428262.79623322,149184888.60441038,0
28364653.334136613,149184888.60441038,0
81748630.94316545,149184888.60441038,0
40264036.05210844,149184888.60441038,0
730106749.8768905,149184888.60441038,0
379291024.15592957,149184888.60441038,0
53898330.02726362,149184888.60441038,0
650249380.2918973,149184888.60441038,0
2399286506.672034,149184888.60441038,0
618715103.6410468,149184888.60441038,0
15613325.23410539,149184888.60441038,0
2664443067.4432864,149184888.60441038,0
10121576.284227021,149184888.60441038,0
1035476187.0374022,149184888.60441038,0
5190880.572998459,149184888.60441038,0
0.0,149184888.60441038,0
20673245.478622336,149184888.60441038,0
11005867.965290247,149184888.60441038,0
68418020.73862676,149184888.60441038,0
53758485.88753613,149184888.60441038,0
28552611.60272575,149184888.60441038,0
63382326.0223032,149184888.60441038,0
142957730.1537438,149184888.60441038,0
2036113893.303368,149184888.60441038,0
70212107.71482214,149184888.60441038,0
20055885.863441348,149184888.60441038,0
172470425.83816862,149184888.60441038,0
